Player,Rank,Team,carries,clean-break,conversion,defender-beaten,drop-goal,lineout-steals,lineout-throws-won,lineouts-lost,metres-made,missed-tackle,offload,penalty-conceded,penalty-goal,points,red-card,scrums-lost,scrums-won,tackle,try-scored,turnover-won,turnovers-conceded,yellow-card
,1,Vodacom Bulls,"2,546",141,92,467,,13,244,30,"10,878",400,212,191,16,640,,6,129,"2,557",91,109,317,15
,2,Leinster,"2,741",125,76,411,,21,248,24,"8,882",393,171,197,10,630,2,11,113,"2,598",92,89,298,17
,3,DHL Stormers,"2,410",113,61,556,,21,294,27,"8,047",402,160,185,60,559,1,11,122,"2,242",67,83,276,17
,4,Lions,"1,861",109,56,404,,7,240,47,"7,210",389,200,163,26,542,2,8,111,"2,457",75,100,226,12
,5,Glasgow,"2,999",109,75,518,,17,283,29,"9,276",300,134,190,1,533,,9,100,"2,480",75,98,247,10
,6,Ulster,"2,179",100,64,426,,15,192,29,"7,745",361,145,177,8,494,2,14,92,"2,642",70,100,243,12
,7,Sharks,"1,812",87,50,378,,36,237,33,"6,405",322,123,167,7,467,1,5,113,"1,745",70,62,269,7
,8,Connacht,"2,779",104,60,422,,24,201,35,"8,111",369,129,187,14,463,1,8,117,"3,036",65,95,210,9
,9,Munster,"2,179",84,46,318,,15,226,30,"6,530",391,117,193,12,410,1,13,100,"2,810",60,113,251,10
,10,Ospreys,"2,047",91,53,342,,8,224,52,"6,211",343,108,169,7,376,2,17,97,"2,534",55,94,215,14
,11,Cardiff,"3,030",103,40,369,,12,233,43,"6,769",385,122,183,11,374,1,15,115,"2,752",55,104,244,13
,12,Edinburgh,"2,140",90,40,368,,17,232,36,"6,865",350,122,170,3,362,1,6,118,"2,626",57,86,236,9
,13,Scarlets,"1,954",73,38,314,,22,236,25,"5,753",375,129,207,11,361,1,10,92,"2,402",51,107,207,18
,14,Dragons,"1,974",69,44,369,,13,227,37,"5,741",298,56,188,15,350,1,9,98,"2,722",43,88,218,9
,15,Benetton,"1,923",88,33,335,,16,225,33,"6,341",419,140,170,25,327,1,10,85,"2,473",40,79,269,16
,16,Zebre,"1,576",59,35,289,,4,215,44,"4,992",332,126,182,15,312,3,14,98,"2,440",43,104,220,16
Sacha Feinberg-Mngomezulu,1,DHL Stormers,117,19,34,49,,,6,,762,21,9,8,17,169,,,,72,10,,32,
Chris William Smith,2,Lions,80,3,49,12,,,6,,321,21,15,6,17,154,,,,101,1,,15,
Handre Pollard,3,Vodacom Bulls,69,3,39,12,,,,,205,26,8,3,12,129,,,,85,3,,18,1
Dan Edwards,4,Ospreys,68,5,35,15,,,,,321,21,1,,5,110,,,,67,5,,13,1
Nathan Doak,5,Ulster,45,2,33,6,,,1,,223,20,2,4,7,97,,,,81,2,,9,1
Jacob Umaga,6,Benetton,95,6,20,17,,,,,496,27,7,1,17,96,1,,,72,1,,21,
Sam Prendergast,7,Leinster,72,4,30,16,,,,,353,23,7,2,5,95,,,,66,4,,21,
Angus O'Brien,8,Dragons,107,3,25,28,,,1,,508,19,2,4,13,94,,,,37,1,,24,
Jurie Matthee,9,DHL Stormers,47,7,14,19,,,,,279,14,6,2,18,92,,,,42,2,,14,1
Sam Gilbert,10,Connacht,105,5,31,16,,,,,435,13,8,6,7,88,,,,39,1,,19,
George Horne,11,Glasgow,56,5,23,18,,,,,373,18,5,4,,76,,,,66,6,,8,
Harry Byrne,12,Leinster,48,2,27,11,,,1,,119,18,,4,4,76,,,,51,2,,7,
Jack Crowley,13,Munster,49,3,21,11,1,,1,,196,9,2,2,3,64,,,,75,2,,14,1
Callum Sheedy,14,Cardiff,54,4,23,14,,,1,,200,18,8,1,6,64,,,,89,,,8,
Embrose Papier,15,Vodacom Bulls,65,10,,31,,,,,462,17,10,5,,60,,,,73,12,,13,
Evan Roos,16,DHL Stormers,185,6,,40,,,,,622,27,10,21,,60,,,,173,12,,23,
Sean Naughton,17,Connacht,73,7,15,12,,,,,215,15,1,2,4,57,,,,43,3,,6,
Zac Ward,18,Ulster,124,20,,56,,,,,"1,113",18,6,7,,55,,,,53,11,,20,1
Johann Grobbelaar,19,Vodacom Bulls,119,3,,8,,,173,,281,18,2,9,,50,,,,195,10,,14,
Keagan Johannes,20,Vodacom Bulls,25,2,14,9,1,,,,216,2,1,,3,50,,,,22,2,,13,
Werner Kok,21,Ulster,91,11,,32,,,,,537,8,10,8,,50,,,,92,10,,32,
Sean Jansen,22,Connacht,211,2,,24,,,,,578,13,13,10,,50,,,,209,10,,15,
Giacomo da Re,23,Zebre,56,,14,10,,,1,,210,14,5,1,7,49,,,,63,,,20,
Ross Thompson,24,Edinburgh,62,2,18,9,,,1,,215,25,5,5,2,47,,,,87,1,,16,
Adam Hastings,25,Glasgow,86,2,21,22,,,,,208,18,3,8,,47,,,,85,1,,12,2
Joshua Kenny,26,Leinster,59,5,,14,,,1,,435,9,1,3,,45,,,,34,9,,13,
Jordan Hendrikse,27,Sharks,62,1,17,15,,,,,201,9,10,8,3,43,,,,51,,,16,1
Joe Hawkins,28,Scarlets,49,,16,9,,,,,137,20,1,,3,41,,,,74,,,11,
JJ Hanrahan,29,Munster,44,1,14,7,,,,,137,23,4,3,4,40,,,,83,,,5,
Ewan Ashman,30,Edinburgh,100,4,,11,,,118,,334,10,6,6,,40,,,,124,8,,8,
Louis Lynagh,31,Benetton,63,5,,17,,,,,461,18,8,5,,40,,,,48,8,,17,
Henco van Wyk,32,Lions,100,14,,37,,,,,622,17,7,7,,40,,,,107,8,,14,
Willie le Roux,33,Vodacom Bulls,84,8,7,18,,,3,,489,6,10,6,,39,,,,27,5,,25,1
Sam Costelow,34,Scarlets,31,5,9,11,,,1,,119,14,1,1,7,39,,,,45,,,4,
Jean Smith,35,Sharks,27,3,16,5,,,,,103,7,3,1,2,38,,,,21,,,11,
Ioan Lloyd,36,Cardiff,57,5,8,25,,,,,239,14,3,2,5,36,,,,46,1,,6,
Edwill van der Merwe,37,Sharks,81,9,,30,,,,,439,17,11,7,,35,,,,43,7,,20,
Siya Kolisi,38,Sharks,46,3,,21,,,,,224,2,1,3,,35,,,,28,7,,8,
Kyle Steyn,39,Glasgow,103,14,,40,,,,,658,12,2,7,,35,,,,57,7,,24,
Dan Lancaster,40,Glasgow,76,6,11,13,,,1,,305,14,9,2,1,35,,,,81,2,,9,
Jamie Dobie,41,Glasgow,46,6,,16,,,1,,265,1,4,4,,35,,,,35,7,,5,
Gregor Hiddleston,42,Glasgow,72,1,,1,,,109,,94,7,4,10,,35,,,,122,7,,5,
Paul de Villiers,43,DHL Stormers,86,4,,11,,,1,,238,27,7,5,,35,,,,190,7,,9,
Matthew Devine,44,Connacht,25,5,,8,,,,,213,11,,,,35,,,,29,7,,1,
Josh Adams,45,Cardiff,60,6,,13,,,,,316,7,3,3,,35,,,,47,7,,20,
Rhyno Smith,46,Benetton,69,8,5,23,1,,,,430,24,4,5,4,35,,,,40,2,,19,
Ruan Venter,47,Lions,156,3,,21,,,,,567,11,14,7,,35,,,,99,7,,7,
Tinus de Beer,48,Dragons,100,5,10,27,,,1,,429,18,3,6,1,33,,,,130,2,,16,
Phepsi Buthelezi,49,Sharks,106,2,,35,,,,,252,15,4,7,,30,,,,104,6,,7,
Kyle Rowe,50,Glasgow,119,12,,49,,,,,804,17,4,5,,30,,,,70,6,,20,
Ntuthuko Mchunu,51,DHL Stormers,65,1,,18,,,,,180,9,3,13,,30,,,,64,6,,4,1
Tommy O'Brien,52,Leinster,47,9,,17,,,,,404,6,4,6,,30,,,,29,6,,9,
Tom Stewart,53,Ulster,78,3,,15,,,90,,238,11,3,4,,30,,,,178,6,,6,
Jack Murphy,54,Ulster,40,2,11,8,,,,,112,37,1,8,1,30,,,,84,1,,17,
Shamus Hurley-Langton,55,Connacht,64,3,,14,,,,,205,5,8,6,,30,,,,102,6,,6,
Joe Roberts,56,Scarlets,90,7,,17,,,,,374,19,14,9,,30,,,,89,6,,13,2
Simone Gesi,57,Zebre,63,10,,29,,,2,,406,16,10,4,,30,1,,,54,6,,10,
Tom Bowen,58,Cardiff,59,6,,16,,,,,359,15,2,4,,30,,,,34,6,,15,
Ciaran Frawley,59,Leinster,67,5,6,16,,,,,269,7,7,1,,27,,,,49,3,,10,
Martin Roger,60,Zebre,45,2,9,4,,,,,224,15,6,4,3,27,,,,70,,,13,
Jack Walsh,61,Ospreys,132,5,8,24,,,,,574,21,16,6,,26,,,,87,2,,16,
John Hodnett,62,Munster,51,1,,19,,,,,223,12,3,3,,25,,,,95,5,,2,
Alex Kendellen,63,Munster,47,2,,5,,,,,122,10,1,7,,25,,,,96,5,,3,
Ben Vellacott,64,Edinburgh,52,4,,7,,,1,,288,12,9,2,,25,,,,25,5,,8,
Duhan van der Merwe,65,Edinburgh,50,8,,43,,,1,,324,6,8,1,,25,,,,24,5,,11,
Darcy Graham,66,Edinburgh,73,9,,28,,,,,421,18,6,6,,25,,,,44,5,,18,
Johnny Matthews,67,Glasgow,72,2,,11,,,109,,282,9,2,2,,25,,,,86,5,,6,
Harold Vorster,68,Vodacom Bulls,108,14,,16,,,,,501,21,14,3,,25,,,,110,5,,12,
Marcell Coetzee,69,Vodacom Bulls,142,1,,21,,,,,232,21,14,4,,25,,,,174,5,,3,
Cheswill Jooste,70,Vodacom Bulls,37,7,,22,,,,,376,10,2,2,,25,,,,28,5,,13,
David Kriel,71,Vodacom Bulls,69,2,5,16,,,,,473,21,12,5,,25,,,,71,3,,5,
Iestyn Hopkins,72,Ospreys,77,9,,17,,,,,426,12,3,,,25,,,,35,5,,15,
Keiran Williams,73,Ospreys,146,6,,28,,,,,422,21,7,6,,25,,,,118,5,,10,
Keelan Giles,74,Ospreys,86,7,,22,,,,,464,10,4,5,,25,,,,46,5,,7,
Kieran Hardy,75,Ospreys,34,3,,4,,,,,207,6,5,2,,25,,,,34,5,,6,
Scott Penny,76,Leinster,106,4,,11,,,,,304,20,3,8,,25,,,,123,5,,8,
Jimmy O'Brien,77,Leinster,131,10,,30,,,2,,691,16,19,2,,25,,,,51,5,,22,
Charlie Tector,78,Leinster,56,4,5,15,,,,,244,12,3,4,,25,,,,49,3,,6,
Robert Baloucoune,79,Ulster,33,2,,6,,,,,221,1,5,1,,25,,,,23,5,,7,
Macs Page,80,Scarlets,55,5,,17,,,,,236,17,7,5,,25,,,,63,5,,17,
Blair Murray,81,Scarlets,77,6,,42,,,1,,482,12,6,4,,25,,,,30,5,,14,1
Taine Plumtree,82,Scarlets,84,4,,9,,,,,252,15,9,12,,25,,,,100,5,,15,1
Javan Sebastian,83,Cardiff,67,1,,6,,,,,48,13,,16,,25,,,,91,5,,1,1
Francke Horn,84,Lions,90,11,,30,,,,,475,8,17,3,,25,,,,120,5,,6,1
Sibabalwe Mahashe,85,Lions,50,4,,9,,,,,293,20,10,5,,25,,,,102,5,,9,
Jake Flannery,86,Ulster,33,3,7,5,,,,,148,8,6,1,,24,,,,34,2,,14,
Ollie Smith,87,Glasgow,129,6,1,37,,,1,,620,10,7,2,,22,,,,60,4,,16,
Alessandro Garbisi,88,Benetton,38,2,1,6,,,2,,142,20,5,2,,22,,,,42,4,,14,1
Cammy Scott,89,Edinburgh,21,1,9,7,,,,,85,10,1,2,1,21,,,,58,,,6,
Giovanni Montemauri,90,Zebre,60,3,6,19,,,,,354,8,8,,3,21,,,,42,,,8,
Makazole Mapimpi,91,Sharks,58,7,,12,,,,,232,11,5,3,,20,,,,37,4,,12,
Emmanuel Tshituka,92,Sharks,100,1,,10,,,,,230,6,2,6,,20,,,,66,4,,6,
Vincent Tshituka,93,Sharks,128,3,,18,,,,,520,21,7,13,,20,,,,123,4,,16,
Andre Esterhuizen,94,Sharks,143,3,,48,,,1,,472,7,13,5,,20,,,,48,4,,19,
Jaco Williams,95,Sharks,26,3,,7,,,1,,178,8,3,1,,20,,,,12,4,,5,
Jurenzo Julius,96,Sharks,53,8,,29,,,,,433,16,1,2,,20,,,,42,4,,12,
Brian Gleeson,97,Munster,128,2,,20,,,,,320,11,1,9,,20,,,,118,4,,4,
Gavin Coombes,98,Munster,139,1,,15,,,,,250,10,19,6,,20,,,,169,4,,7,
Tom Ahern,99,Munster,45,1,,5,,,,,176,17,4,3,,20,,,,88,4,,11,
Sergeal Petersen,100,Vodacom Bulls,19,3,,6,,,,,154,3,1,2,,20,,,,4,4,,4,
Canan Moodie,101,Vodacom Bulls,92,11,,22,,,,,561,28,10,12,,20,,,,54,4,,22,1
Adre Smith,102,DHL Stormers,57,2,,3,,,,,124,16,2,11,,20,,,,98,4,,6,2
Max Deegan,103,Leinster,129,5,,12,,,,,374,16,5,10,,20,1,,,108,4,,7,
James Lowe,104,Leinster,89,7,,18,,,,,503,15,14,5,,20,,,,28,4,,17,1
Josh van der Flier,105,Leinster,78,2,,10,,,,,192,6,2,3,,20,,,,98,4,,9,
Rieko Ioane,106,Leinster,93,7,,13,,,,,372,10,4,7,,20,,,,47,4,,8,
Paul Boyle,107,Connacht,130,4,,22,,,,,308,11,4,5,,20,,,,153,4,,5,
Jarrod Taylor,108,Scarlets,86,5,,12,,,1,,273,18,2,13,,20,,,,119,4,,9,1
Ellis Mee,109,Scarlets,59,4,,14,,,1,,235,9,4,1,,20,,,,38,4,,6,
Bautista Stavile,110,Zebre,62,5,,23,,,1,,224,13,10,9,,20,,,,89,4,,9,
Tommaso di Bartolomeo,111,Zebre,40,,,,,,110,,62,7,1,5,,20,,,,117,4,,7,
Onisi Ratave,112,Benetton,44,8,,17,,,,,444,5,11,5,,20,,,,26,4,,3,
Ignacio Mendy,113,Benetton,108,19,,46,,,1,,821,15,10,5,,20,,,,46,4,,24,
Rio Dyer,114,Dragons,90,12,,45,,,,,647,6,8,1,,20,,,,53,4,,11,1
Brodie Coghlan,115,Dragons,81,2,,3,,,114,,115,6,,11,,20,,,,115,4,,6,
Che Hope,116,Dragons,19,1,,4,,,,,104,11,1,1,,20,,,,21,4,,8,
Morne van den Berg,117,Lions,61,3,,12,,,1,,221,17,6,3,,20,,,,86,4,,14,
Morne Brandon,118,Lions,35,1,,3,,,40,,132,4,,3,,20,,,,32,4,,2,
Quan Horn,119,Lions,119,6,,39,,,,,712,14,17,5,,20,,,,51,4,,12,1
Nico Steyn,120,Lions,46,4,,12,,,,,174,9,6,7,,20,,,,54,4,,6,
Erich Cronje,121,Lions,54,7,,15,,,2,,301,11,9,6,,20,,,,80,4,,18,
Josh Ioane,122,Connacht,121,8,2,41,,,,,569,28,11,1,,19,,,,94,3,,13,
Carwyn Jones,123,Scarlets,29,2,8,5,,,1,,94,13,2,2,1,19,,,,50,,,12,1
Damian Willemse,124,DHL Stormers,120,2,1,26,,,,,503,23,6,9,,17,,,,88,3,,28,
Ethan Hooker,125,Sharks,46,7,,21,,,,,334,9,,2,,15,,,,34,3,,12,
Dan Kelly,126,Munster,88,6,,14,,,,,320,19,3,2,,15,,,,111,3,,14,
Jack O'Donoghue,127,Munster,72,3,,6,,,,,148,13,3,6,,15,,,,123,3,,9,
Craig Casey,128,Munster,40,4,,10,,,,,159,13,2,3,,15,,,,42,3,,9,1
Magnus Bradbury,129,Edinburgh,167,3,,22,,,,,477,19,2,11,,15,,,,176,3,,14,
Harry Paterson,130,Edinburgh,83,6,,17,,,,,437,19,8,5,,15,,,,29,3,,14,
Dylan Richardson,131,Edinburgh,91,1,,9,,,16,,181,8,4,7,,15,,,,136,3,,6,1
Stafford McDowall,132,Glasgow,169,7,,41,,,,,543,19,13,6,,15,,,,96,3,,16,
Seb Stephen,133,Glasgow,43,1,,14,,,59,,161,5,3,2,,15,,,,38,3,,5,
Olujare Oguntibeju,134,Glasgow,64,2,,5,,,,,60,7,3,5,,15,,,,71,3,,3,
Josh McKay,135,Glasgow,163,8,,47,,,,,873,9,19,6,,15,,,,29,3,,16,1
Sebastian de Klerk,136,Vodacom Bulls,84,13,,38,,,,,569,11,13,3,,15,,,,55,3,,12,
Stravino Jacobs,137,Vodacom Bulls,57,11,,23,,,,,473,10,4,4,,15,,,,28,3,,15,
Paul de Wet,138,Vodacom Bulls,26,3,,11,,,,,193,1,5,2,,15,,,,18,3,,6,
Mpilo Gumede,139,Vodacom Bulls,28,1,,4,,,,,71,5,4,2,,15,,,,29,3,,6,
Kurt-Lee Arendse,140,Vodacom Bulls,90,9,,29,,,1,,573,7,8,7,,15,,,,40,3,,17,
Marco van Staden,141,Vodacom Bulls,55,1,,6,,,26,,177,9,3,5,,15,,,,63,3,,7,1
Ruhan Nel,142,DHL Stormers,66,8,,22,,,,,360,18,10,5,,15,,,,75,3,,8,
Wandisile Simelane,143,DHL Stormers,77,6,,28,,,,,357,23,15,4,,15,,,,37,3,,14,
Daniel Kasende,144,Ospreys,67,7,,23,,,,,355,23,7,6,,15,1,,,83,3,,22,
Morgan Morse,145,Ospreys,84,4,,11,,,,,300,11,4,6,,15,,,,85,3,,9,
James Ratti,146,Ospreys,136,1,,13,,,,,318,14,7,3,,15,,,,122,3,,9,
RG Snyman,147,Leinster,68,2,,7,,,,,178,5,20,1,,15,,,,39,3,,6,
Dan Sheehan,148,Leinster,52,4,,8,,,57,,167,8,1,4,,15,,,,42,3,,6,
Joe McCarthy,149,Leinster,67,1,,15,,,,,136,3,6,6,,15,,,,86,3,,4,
Hugo Keenan,150,Leinster,51,6,,16,,,,,273,10,2,,,15,,,,10,3,,10,
Alex Soroka,151,Leinster,55,2,,3,,,,,89,4,,4,,15,,,,77,3,,4,
Bryn Ward,152,Ulster,92,6,,20,,,,,372,10,3,1,,15,,,,106,3,,13,
Scott Wilson,153,Ulster,75,,,14,,,,,74,13,1,12,,15,,,,98,3,,5,1
Finn Treacy,154,Connacht,40,4,,17,,,,,241,12,1,,,15,,,,34,3,,10,
Cian Prendergast,155,Connacht,116,3,,14,,,,,277,14,6,11,,15,,,,168,3,,17,
Dylan Tierney-Martin,156,Connacht,54,1,,4,,,78,,117,9,2,8,,15,,,,86,3,,2,
Finlay Bealham,157,Connacht,45,,,1,,,,,36,5,2,9,,15,,,,61,3,,2,1
Josh Macleod,158,Scarlets,64,1,,4,,,,,102,12,4,10,,15,,,,112,3,,7,
Gareth Davies,159,Scarlets,21,3,,7,,,,,130,13,1,6,,15,,,,42,3,,6,1
Jacopo Trulla,160,Zebre,5,1,,2,,,,,67,2,,,,15,,,,9,3,,2,
Giovanni Quattrini,161,Zebre,19,1,,1,,,41,,47,5,,4,,15,,,,46,3,,,
Mason Grady,162,Cardiff,59,8,,23,,,,,451,17,4,2,,15,,,,26,3,,16,
Alex Mann,163,Cardiff,57,1,,3,,,,,66,10,5,11,,15,,,,84,3,,10,
Cameron Winnett,164,Cardiff,120,9,,22,,,,,565,14,8,2,,15,,,,29,3,,12,
Dafydd Hughes,165,Cardiff,42,1,,6,,,56,,113,7,,2,,15,,,,82,3,,2,1
Jacob Beetham,166,Cardiff,95,9,,12,,,,,383,17,2,6,,15,,,,63,3,,21,
Paolo Odogwu,167,Benetton,88,5,,32,,,,,375,17,9,7,,15,,,,74,3,,11,1
Nicholas Gasperini,168,Benetton,46,,,2,,,60,,85,11,3,2,,15,,,,53,3,,6,
Ollie Burrows,169,Dragons,34,,,1,,,47,,56,5,,,,15,,,,65,3,,1,
Aaron Wainwright,170,Dragons,144,5,,36,,,,,463,15,,5,,15,,,,130,3,,7,
David Richards,171,Dragons,44,4,,17,,,1,,284,17,,1,,15,,,,52,3,,9,
Jared Rosser,172,Dragons,22,7,,11,,,,,196,8,1,2,,15,,,,16,3,,6,
Kelly Mpeku,173,Lions,39,5,,10,,,1,,268,5,5,1,,15,,,,40,3,,7,
Angelo Davids,174,Lions,63,12,,21,,,,,448,38,10,5,,15,,,,56,3,,19,
Eduan Keyter,175,Lions,40,2,,11,,,1,,277,7,8,,,15,,,,20,3,,4,
SJ Kotze,176,Lions,74,7,,13,,,,,216,9,5,20,,15,,,,117,3,,6,1
Duncan Weir,177,Glasgow,4,,4,,,,,,6,,,,,13,,,,1,1,,1,
Ben Healy,178,Edinburgh,6,,6,3,,,,,20,2,,1,,12,,,,17,,,5,
Ben Thomas,179,Cardiff,100,6,1,25,,,,,386,27,9,11,,12,,,,110,2,,9,
Lubabalo Dobela,180,Lions,6,,3,1,,,,,,1,1,,2,12,,,,10,,,3,
Emile van Heerden,181,Sharks,57,1,,3,,,,,86,8,1,7,,10,,,,81,2,,9,
Jason Jenkins,182,Sharks,60,1,,1,,,,,129,13,3,5,,10,,,,75,2,,8,
Fez Mbatha,183,Sharks,56,,,2,,,94,,57,7,2,6,,10,,,,67,2,,7,
Le Roux Malan,184,Sharks,18,1,,1,,,,,88,2,3,,,10,,,,17,2,,1,
Michael Milne,185,Munster,51,,,4,,,,,45,7,2,10,,10,,,,81,2,,2,
Lee Barron,186,Munster,45,2,,1,,,68,,126,4,2,6,,10,,,,94,2,,2,
Shane Daly,187,Munster,116,10,,15,,,,,581,18,10,5,,10,,,,57,2,,21,
Mike Haley,188,Munster,108,6,,24,,,,,582,13,7,5,,10,,,,32,2,,15,
Diarmuid Kilgallen,189,Munster,31,4,,5,,,,,97,3,3,1,,10,,,,14,2,,5,
Tadhg Beirne,190,Munster,23,1,,2,,,,,42,4,1,4,,10,,,,43,2,,5,
Ethan Coughlan,191,Munster,10,2,,2,,,,,145,13,,1,,10,,,,27,2,,3,
Tom Farrell,192,Munster,93,7,,16,,,,,349,10,18,6,,10,,,,69,2,,4,
Charlie Shiel,193,Edinburgh,28,1,,8,,,1,,167,5,3,2,,10,,,,26,2,,5,
Boan Venter,194,Edinburgh,67,2,,8,,,,,118,5,2,7,,10,,,,80,2,,5,1
Hector Patterson,195,Edinburgh,11,,,2,,,,,117,5,,2,,10,,,,11,2,,5,
Tom Currie,196,Edinburgh,33,1,,11,,,,,101,,,2,,10,,,,39,2,,2,
Patrick Schickerling,197,Glasgow,74,1,,9,,,,,110,4,1,11,,10,,,,85,2,,3,
Macenzzie Duncan,198,Glasgow,55,1,,6,,,,,157,12,2,5,,10,,,,79,2,,1,
Nathan McBeth,199,Glasgow,35,,,,,,,,27,2,,9,,10,,,,27,2,,,1
Matt Fagerson,200,Glasgow,100,1,,6,,,,,242,6,4,9,,10,,,,126,2,,6,
Rory Darge,201,Glasgow,56,1,,8,,,,,84,4,4,5,,10,,,,95,2,,2,
Ruan Vermaak,202,Vodacom Bulls,51,3,,4,,,,,131,13,5,4,,10,,,,76,2,,2,
Cameron Hanekom,203,Vodacom Bulls,66,1,,24,,,,,326,8,21,3,,10,,,,82,2,,3,
Leolin Zas,204,DHL Stormers,82,15,,35,,,1,,560,35,11,7,,10,,,,58,2,,20,1
Dylan Maart,205,DHL Stormers,12,2,,4,,,,,105,7,1,2,,10,,,,11,2,,1,
Imad Khan,206,DHL Stormers,22,3,,9,,,,,141,13,2,4,,10,,,,32,2,,9,
Jac Morgan,207,Ospreys,47,2,,10,,,,,144,7,,5,,10,,,,72,2,,5,1
Phil Cokanasiga,208,Ospreys,44,3,,14,,,,,142,8,4,1,,10,,,,39,2,,6,
Luke Morgan,209,Ospreys,23,3,,7,,,,,106,3,1,2,,10,,,,30,2,,8,
Luke Davies,210,Ospreys,7,1,,,,,,,38,8,1,,,10,,,,18,2,,2,
Reuben Morgan-Williams,211,Ospreys,49,5,,18,,,,,175,15,12,3,,10,,,,47,2,,7,
Tom Clarkson,212,Leinster,71,1,,5,,,,,114,5,,13,,10,,,,66,2,,2,1
Jamison Gibson-Park,213,Leinster,32,3,,10,,,1,,193,8,4,2,,10,,,,33,2,,12,
Jamie Osborne,214,Leinster,71,2,,8,,,,,299,9,6,3,,10,,,,45,2,,2,
Garry Ringrose,215,Leinster,29,2,,5,,,,,68,9,2,,,10,,,,25,2,,1,
Gus McCarthy,216,Leinster,73,1,,4,,,69,,169,6,1,,,10,,,,84,2,,4,
Jordan Larmour,217,Leinster,31,5,,13,,,,,206,5,1,5,,10,,,,13,2,,4,
Juarno Augustus,218,Ulster,112,1,,26,,,,,343,7,4,2,,10,,,,122,2,,7,
James Hume,219,Ulster,100,4,,17,,,,,330,22,10,7,,10,,,,77,2,,6,
Cormac Izuchukwu,220,Ulster,55,2,,9,,,,,168,11,11,1,,10,,,,70,2,,2,
Charlie Irvine,221,Ulster,38,,,2,,,,,68,10,,8,,10,,,,132,2,,4,
Angus Bell,222,Ulster,90,1,,11,,,,,146,4,2,8,,10,,,,78,2,,3,
Mike Lowry,223,Ulster,85,7,,22,,,,,530,7,11,5,,10,,,,21,2,,7,
David McCann,224,Ulster,108,5,,16,,,,,295,7,4,8,,10,,,,160,2,,14,
Rob Herring,225,Ulster,59,1,,7,,,75,,107,13,,5,,10,,,,69,2,,1,
Ben Murphy,226,Connacht,42,3,,10,,,,,163,17,3,5,,10,,,,31,2,,11,
Byron Ralston,227,Connacht,20,2,,6,,,,,56,3,2,1,,10,,,,12,2,,2,
Sam Lousi,228,Scarlets,56,1,,1,,,,,105,2,5,10,,10,,,,130,2,,8,
Eddie James,229,Scarlets,58,2,,15,,,,,178,10,5,3,,10,,,,72,2,,5,
Tom Rogers,230,Scarlets,75,9,,20,,,2,,438,21,10,3,,10,,,,61,2,,6,
Max Douglas,231,Scarlets,61,1,,7,,,,,151,14,6,13,,10,,,,154,2,,9,
Alessandro Fusco,232,Zebre,47,,,11,,,,,149,14,5,7,,10,,,,52,2,,9,1
Giulio Bertaccini,233,Zebre,64,4,,17,,,,,301,11,7,6,,10,,,,99,2,,5,
Malik Faissal,234,Zebre,27,3,,13,,,1,,174,5,2,1,,10,,,,30,2,,4,
Thomas Dominguez,235,Zebre,21,1,,2,,,,,69,22,3,1,,10,,,,42,2,,3,
Marco Zanon,236,Zebre,68,,,19,,,,,195,8,9,2,,10,,,,64,2,,6,
Matteo Nocera,237,Zebre,42,,,2,,,,,53,16,2,10,,10,,,,67,2,,2,
Mirko Belloni,238,Zebre,66,11,,40,,,,,505,18,7,5,,10,,,,50,2,,17,
Danny Southworth,239,Cardiff,80,,,5,,,1,,90,12,1,3,,10,,,,114,2,,5,
Dan Thomas,240,Cardiff,85,2,,8,,,,,167,35,7,14,,10,,,,246,2,,10,
Taulupe Faletau,241,Cardiff,50,1,,11,,,,,206,2,3,1,,10,,,,38,2,,2,
Johan Mulder,242,Cardiff,43,5,,15,,,,,209,16,4,6,,10,,,,98,2,,18,
Taine Basham,243,Cardiff,126,6,,29,,,,,397,10,1,8,,10,,,,144,2,,9,
Evan Lloyd,244,Cardiff,41,3,,9,,,38,,132,7,2,3,,10,,,,55,2,,2,
Bautista Bernasconi,245,Benetton,47,,,7,,,91,,87,22,,8,,10,,,,116,2,,9,1
Aneurin Owen,246,Dragons,115,2,,22,,,,,294,20,5,3,,10,,,,170,2,,6,
Thomas Young,247,Dragons,66,1,,20,,,,,215,8,2,13,,10,,,,114,2,,8,
Ben Carter,248,Dragons,54,,,2,,,,,54,6,,10,,10,,,,173,2,,4,
Fine Inisi,249,Dragons,65,9,,22,,,,,282,5,11,4,,10,,,,85,2,,9,
Conrad van Vuuren,250,Lions,15,,,3,,,,,19,4,1,7,,10,,,,29,2,,1,
Bronson Mills,251,Lions,71,5,,13,,,,,292,14,6,7,,10,,,,83,2,,6,
Haashim Pead,252,Lions,13,1,,5,,,,,53,3,,,,10,,,,9,2,,1,
Etienne Oosthuizen,253,Lions,57,,,10,,,,,113,13,12,6,,10,,,,81,2,,8,
Asenathi Ntlabakanye,254,Lions,74,1,,8,,,,,99,9,1,8,,10,,,,140,2,,4,
Cathal Forde,255,Connacht,144,3,3,31,,,,,430,15,6,4,1,9,,,,138,,,8,
Siya Masuku,256,Sharks,13,,2,2,,,1,,40,8,2,1,1,7,,,,16,,,4,
Tony Butler,257,Munster,14,,2,1,,,,,59,4,1,2,1,7,,,,23,,,6,
James Lang,258,Edinburgh,75,3,1,16,,,,,321,14,5,4,,7,,,,72,1,,8,
Gianni Lombard,259,Lions,7,,,,,,,,5,2,3,,2,6,,,,2,,,2,
Phatu Ganyane,260,Sharks,25,,,,,,,,18,1,,11,,5,,,,49,1,,1,
Yaw Penxe,261,Sharks,30,3,,8,,,,,131,8,6,1,,5,,,,15,1,,7,
Hakeem Kunene,262,Sharks,9,1,,1,,,,,109,2,,1,,5,,,,6,1,,3,
Tinotenda Mavesere,263,Sharks,15,1,,,,,,,22,2,2,3,,5,,,,19,1,,3,
Luan Giliomee,264,Sharks,12,1,,4,,,,,64,3,2,1,,5,,,,1,1,,2,
Litelihle Bester,265,Sharks,24,3,,4,,,,,113,2,3,1,,5,,,,5,1,,6,
Hanro Jacobs,266,Sharks,31,1,,3,,,,,60,9,,12,,5,,,,53,1,,,
Lukhanyo Am,267,Sharks,24,,,4,,,,,70,5,3,3,,5,,,,23,1,,3,
Vincent Koch,268,Sharks,23,,,,,,,,16,5,1,5,,5,,,,54,1,,,
Grant Williams,269,Sharks,28,5,,11,,,,,152,2,6,3,,5,,,,38,1,,3,
Marvin Orie,270,Sharks,16,,,,,,,,8,7,,4,,5,,,,65,1,,4,
Lee-Marvin Mazibuko,271,Sharks,7,,,,,,,,4,2,,2,,5,,,,14,1,,,
Ross Braude,272,Sharks,9,1,,4,,,,,67,1,,1,,5,,,,10,1,,5,
Zekethelo Siyaya,273,Sharks,41,6,,24,,,,,372,3,5,1,,5,,,,7,1,,5,
Sean O'Brien,274,Munster,36,2,,9,,,,,196,10,3,3,,5,,,,29,1,,5,1
Evan O'Connell,275,Munster,33,,,2,,,,,34,4,1,2,,5,,,,35,1,,1,
Alex Nankivell,276,Munster,147,5,,50,,,,,456,11,11,6,,5,,,,116,1,,11,
Ruadhan Quinn,277,Munster,34,,,1,,,,,45,4,,2,,5,,,,48,1,,,
Calvin Nash,278,Munster,56,3,,16,,,,,233,8,2,1,,5,,,,35,1,,13,
Jean Kleyn,279,Munster,94,,,3,,,,,125,7,1,6,,5,,,,133,1,,8,
Diarmuid Barron,280,Munster,75,,,4,,,106,,109,15,1,7,,5,1,,,118,1,,6,
Ben O'Connor,281,Munster,14,2,,4,,,,,79,3,1,,,5,,,,1,1,,,
Edwin Edogbo,282,Munster,29,,,,,,,,40,3,1,4,,5,,,,48,1,,3,
Fineen Wycherley,283,Munster,75,,,,,,,,90,13,,7,,5,,,,181,1,,11,
Andrew Smith,284,Munster,44,8,,10,,,2,,229,18,2,4,,5,,,,37,1,,15,1
Pierre Schoeman,285,Edinburgh,117,1,,4,,,,,133,11,1,16,,5,,,,126,1,,3,
Wes Goosen,286,Edinburgh,85,11,,36,,,,,623,9,4,3,,5,,,,54,1,,10,
Paddy Harrison,287,Edinburgh,9,,,,,,7,,13,1,,1,,5,,,,8,1,,1,
Piers O'Conor,288,Edinburgh,76,3,,12,,,,,312,15,5,1,,5,,,,71,1,,11,
Glen Young,289,Edinburgh,89,2,,9,,,,,133,16,8,11,,5,,,,162,1,,10,
Connor Boyle,290,Edinburgh,23,,,2,,,1,,35,1,,,,5,,,,46,1,,3,
Matt Currie,291,Edinburgh,27,2,,6,,,,,112,7,1,2,,5,,,,46,1,,3,
D'arcy Rae,292,Edinburgh,23,,,2,,,,,12,3,,1,,5,,,,27,1,,1,
Mosese Tuipulotu,293,Edinburgh,30,1,,1,,,,,62,10,4,1,,5,,,,46,1,,2,
Harri Morris,294,Edinburgh,39,,,2,,,70,,65,10,,5,,5,1,,,95,1,,1,
Freddy Douglas,295,Edinburgh,59,2,,6,,,,,103,9,2,8,,5,,,,106,1,,4,
Lewis Wells,296,Edinburgh,16,2,,3,,,1,,102,4,2,,,5,,,,9,1,,4,
Grant Gilchrist,297,Edinburgh,49,1,,2,,,,,51,4,1,10,,5,,,,126,1,,8,
Liam McConnell,298,Edinburgh,68,1,,6,,,,,140,19,2,12,,5,,,,147,1,,7,
Max Williamson,299,Glasgow,49,,,3,,,,,35,6,1,3,,5,,,,63,1,,4,
Sam Talakai,300,Glasgow,57,1,,7,,,,,87,1,1,6,,5,,,,71,1,,3,
Sione Tuipulotu,301,Glasgow,140,4,,29,,,,,478,14,1,,,5,,,,78,1,,7,
Jack Dempsey,302,Glasgow,116,4,,19,,,,,412,11,6,4,,5,,,,75,1,,7,1
Gregor Brown,303,Glasgow,60,1,,10,,,,,253,2,5,7,,5,,,,74,1,,3,
Euan Ferrie,304,Glasgow,78,3,,2,,,,,107,15,1,9,,5,,,,134,1,,10,
Fergus Watson,305,Glasgow,14,2,,9,,,,,88,4,,1,,5,,,,8,1,,2,
Jan Serfontein,306,Vodacom Bulls,14,,,5,,,,,79,1,1,,,5,,,,26,1,,3,
Cobus Wiese,307,Vodacom Bulls,80,2,,9,,,,,247,21,1,9,,5,,,,101,1,,18,1
Francois Klopper,308,Vodacom Bulls,30,,,1,,,,,45,8,,5,,5,,,,67,1,,4,1
Juann Else,309,Vodacom Bulls,2,,,,,,6,,9,1,,1,,5,,,,9,1,,1,
Akker van der Merwe,310,Vodacom Bulls,7,,,,,,14,,21,1,,1,,5,,,,4,1,,1,
Zak Burger,311,Vodacom Bulls,16,1,,1,,,,,38,5,1,1,,5,,,,13,1,,3,
Wilco Louw,312,Vodacom Bulls,30,,,2,,,,,42,7,,3,,5,,,,52,1,,2,
Ruan Nortje,313,Vodacom Bulls,81,4,,7,,,,,242,17,3,11,,5,,,,146,1,,11,2
Devon Williams,314,Vodacom Bulls,22,2,,1,,,,,106,6,,3,,5,,,,13,1,,6,
Jeandre Rudolph,315,Vodacom Bulls,110,1,,13,,,,,602,12,6,9,,5,,,,146,1,,5,
Elrigh Louw,316,Vodacom Bulls,105,4,,16,,,,,444,18,4,10,,5,,,,115,1,,14,
Warrick Gelant,317,DHL Stormers,73,2,,19,,,2,,286,11,9,2,,5,,,,20,1,,13,
JD Schickerling,318,DHL Stormers,53,1,,6,,,,,84,6,3,5,,5,,,,93,1,,5,
JJ Kotze,319,DHL Stormers,31,2,,7,,,108,,107,7,1,3,,5,,,,69,1,,6,
Sazi Sandi,320,DHL Stormers,21,,,1,,,,,26,6,,7,,5,,,,45,1,,2,
Ruben van Heerden,321,DHL Stormers,62,,,4,,,,,130,4,1,3,,5,,,,91,1,,4,
Deon Fourie,322,DHL Stormers,9,,,2,,,,,11,2,1,2,,5,,,,18,1,,1,1
Cobus Reinach,323,DHL Stormers,27,5,,8,,,,,168,10,2,1,,5,,,,31,1,,7,1
Hacjivah Dayimani,324,DHL Stormers,12,,,3,,,,,16,1,,2,,5,,,,15,1,,,
Stefan Ungerer,325,DHL Stormers,15,1,,1,,,,,85,20,2,1,,5,,,,22,1,,7,
Andre-Hugo Venter,326,DHL Stormers,137,1,,28,,,159,,317,15,4,6,,5,,,,136,1,,6,
Keketso Morabe,327,DHL Stormers,7,,,,,,,,22,2,,,,5,,,,5,1,,1,
Owen Watkin,328,Ospreys,59,3,,12,,,,,85,12,4,4,,5,,,,92,1,,7,1
Lewis Lloyd,329,Ospreys,35,2,,4,,,34,,98,6,,1,,5,,,,42,1,,3,
Huw Owen-Sutton,330,Ospreys,39,2,,2,,,,,91,5,2,3,,5,,,,114,1,,3,
Harri Deaves,331,Ospreys,85,4,,24,,,,,284,8,4,10,,5,,,,150,1,,7,
Evardi Boshoff,332,Ospreys,33,3,,10,,,,,136,12,7,3,,5,,,,48,1,,2,
Sam Parry,333,Ospreys,44,2,,6,,,90,,88,5,,7,,5,,,,78,1,,3,
Garyn Phillips,334,Ospreys,28,,,3,,,1,,45,4,,6,,5,,,,47,1,,3,
Cormac Foley,335,Ospreys,4,,,1,,,,,6,1,,1,,5,,,,2,1,,,
Morgan Morris,336,Ospreys,82,1,,8,,,,,216,6,,1,,5,,,,54,1,,7,
Dewi Lake,337,Ospreys,86,1,,6,,,73,,156,8,,6,,5,,,,106,1,,7,
Brian Deeny,338,Leinster,83,2,,4,,,,,92,23,5,6,,5,,,,167,1,,11,2
Robbie Henshaw,339,Leinster,84,,,9,,,,,221,12,5,2,,5,,,,69,1,,5,
Conor O'Tighearnaigh,340,Leinster,12,,,2,,,,,26,3,1,1,,5,,,,17,1,,2,
Jerry Cahir,341,Leinster,39,,,1,,,,,34,9,,5,,5,,,,60,1,,1,
Jack Conan,342,Leinster,70,4,,10,,,,,208,3,5,1,,5,,,,59,1,,2,
Fintan Gunne,343,Leinster,34,2,,8,,,,,178,5,5,1,,5,,,,32,1,,8,
Luke McGrath,344,Leinster,51,5,,14,,,,,220,15,1,3,,5,,,,67,1,,20,
James Culhane,345,Leinster,78,,,12,,,,,291,7,4,2,,5,,,,89,1,,6,
Ronan Kelleher,346,Leinster,59,,,7,,,73,,103,6,4,4,,5,,,,75,1,,3,1
James Ryan,347,Leinster,67,,,1,,,,,63,5,2,4,,5,,,,75,1,,7,
Hugh Cooney,348,Leinster,33,4,,4,,,,,121,9,2,1,,5,,,,30,1,,3,
Will Connors,349,Leinster,43,,,1,,,2,,49,4,4,6,,5,,,,67,1,,3,
Tom McAllister,350,Ulster,16,1,,1,,,,,33,3,,,,5,,,,41,1,,,
Aitzol King,351,Ulster,10,1,,3,,,,,39,,,1,,5,,,,7,1,,1,
Eric O'Sullivan,352,Ulster,22,,,1,,,,,19,6,3,7,,5,,,,33,1,,,
Stuart McCloskey,353,Ulster,67,2,,14,,,,,225,6,10,3,,5,,,,62,1,,4,
Ethan Mcilroy,354,Ulster,45,3,,11,,,,,140,7,5,1,,5,,,,26,1,,3,
John Andrew,355,Ulster,5,,,,,,3,,10,1,,,,5,,,,2,1,,,
Callum Reid,356,Ulster,15,,,1,,,,,7,,,3,,5,,,,19,1,,1,
Ben Carson,357,Ulster,47,,,5,,,,,88,7,,2,,5,,,,20,1,,5,
Conor McKee,358,Ulster,14,,,2,,,,,31,10,4,3,,5,,,,36,1,,3,
Harry Sheridan,359,Ulster,66,1,,8,,,,,79,17,2,8,,5,1,,,153,1,,9,1
Nick Timoney,360,Ulster,74,1,,6,,,,,165,13,5,1,,5,,,,163,1,,6,
David O'Connor,361,Connacht,51,1,,8,,,,,59,3,,4,,5,,,,77,1,,,
Shayne Bolton,362,Connacht,64,9,,23,,,,,406,13,2,2,,5,,,,30,1,,10,
Fiachna Barrett,363,Connacht,20,1,,1,,,,,67,1,,1,,5,,,,31,1,,2,
Harry West,364,Connacht,63,4,,10,,,,,289,8,2,4,,5,,,,45,1,,8,
Hugh Gavin,365,Connacht,53,2,,4,,,,,143,8,3,2,,5,,,,39,1,,4,
Eoin de Buitlear,366,Connacht,30,1,,2,,,20,,41,1,3,2,,5,,,,66,1,,,
Dave Heffernan,367,Connacht,71,1,,9,,,82,,203,14,2,3,,5,,,,119,1,,6,
Jack Aungier,368,Connacht,38,1,,6,,,,,32,5,3,6,,5,,,,74,1,,1,
Caolin Blade,369,Connacht,21,1,,8,,,,,115,5,2,,,5,,,,20,1,,3,
Mack Hansen,370,Connacht,12,,,4,,,,,66,1,1,,,5,,,,2,1,,2,
Josh Murphy,371,Connacht,126,1,,1,,,,,217,7,,13,,5,,,,173,1,,8,
Joe Joyce,372,Connacht,58,1,,4,,,,,74,7,2,9,,5,,,,124,1,,1,
Oisin McCormack,373,Connacht,13,,,2,,,,,20,,,,,5,,,,9,1,,,
John Devine,374,Connacht,30,2,,3,,,,,95,9,,4,,5,,,,30,1,,1,
Sam Illo,375,Connacht,39,,,6,,,,,74,5,,9,,5,,,,93,1,,2,1
Chay Mullins,376,Connacht,45,5,,10,,,,,213,9,2,7,,5,,,,41,1,,3,
Callum Woolley,377,Scarlets,4,1,,,,,,,15,1,,,,5,,,,1,1,,,
Dane Blacker,378,Scarlets,16,,,2,,,1,,84,12,1,1,,5,,,,33,1,,7,
Johnny Williams,379,Scarlets,88,2,,8,,,,,153,17,10,6,,5,,,,77,1,,4,
Dan Davis,380,Scarlets,38,,,3,,,,,64,3,1,4,,5,,,,80,1,,6,
Tomi Lewis,381,Scarlets,15,2,,6,,,,,66,9,3,2,,5,,,,15,1,,4,
Marnus van der Merwe,382,Scarlets,59,,,3,,,89,,81,16,,9,,5,,,,97,1,,2,
Ioan Jones,383,Scarlets,25,1,,5,,,,,168,2,1,,,5,,,,12,1,,2,
Fletcher Anderson,384,Scarlets,190,2,,46,,,,,542,18,9,6,,5,,,,185,1,,10,
David Odiase,385,Zebre,80,2,,14,,,,,199,7,2,5,,5,,,,122,1,,3,
Giampietro Ribaldi,386,Zebre,30,,,1,,,46,,28,3,,2,,5,,,,52,1,,2,
Lorenzo Pani,387,Zebre,35,2,,7,,,,,181,6,2,2,,5,,,,9,1,,15,
Giovanni Licata,388,Zebre,83,3,,10,,,1,,180,8,16,6,,5,,,,55,1,,6,
Giacomo Ferrari,389,Zebre,63,1,,6,,,,,147,8,,4,,5,,,,81,1,,6,
Franco Carrera,390,Zebre,35,2,,6,,,,,110,1,2,7,,5,,,,66,1,,3,
Juan Pitinari,391,Zebre,41,,,,,,,,39,5,1,10,,5,,,,60,1,,1,
Samuele Locatelli,392,Zebre,53,2,,17,,,,,119,7,4,10,,5,,,,116,1,,4,
Gonzalo Garcia,393,Zebre,19,1,,1,,,,,54,5,1,3,,5,,,,29,1,,8,
Liam Belcher,394,Cardiff,136,2,,7,,,135,,288,15,,9,,5,,,,172,1,,4,2
James Botham,395,Cardiff,66,2,,8,,,,,134,9,6,5,,5,,,,119,1,,5,
Harri Millard,396,Cardiff,64,7,,17,,,,,346,13,2,1,,5,,,,67,1,,15,
Steff Emanuel,397,Cardiff,22,,,5,,,,,92,1,1,,,5,,,,29,1,,3,
Aled Davies,398,Cardiff,13,,,3,,,,,98,7,2,1,,5,,,,42,1,,8,
Josh McNally,399,Cardiff,98,1,,6,,,,,133,13,2,14,,5,,,,127,1,,6,1
Rory Thornton,400,Cardiff,42,,,1,,,,,32,3,1,3,,5,,,,91,1,,5,
Louis Werchon,401,Benetton,15,,,2,,,,,53,4,2,,,5,,,,21,1,,2,
Siua Maile,402,Benetton,27,1,,4,,,64,,54,7,,5,,5,,,,68,1,,9,
Cristiano Tizzano,403,Benetton,1,,,,,,,,,1,,,,5,,,,9,1,,,
Simone Ferrari,404,Benetton,22,,,1,,,,,18,7,1,2,,5,,,,58,1,,,
Tommaso Menoncello,405,Benetton,74,7,,21,,,,,399,17,9,6,,5,,,,91,1,,15,
Thomas Gallo,406,Benetton,37,3,,14,,,,,76,9,4,6,,5,,,,79,1,,6,
Matt Gallagher,407,Benetton,113,8,,21,,,,,477,13,15,,,5,,,,21,1,,13,
Federico Ruzza,408,Benetton,40,2,,2,,,,,39,1,7,3,,5,,,,49,1,,4,
Malakai Fekitoa,409,Benetton,94,,,5,,,,,157,20,10,5,,5,,,,49,1,,6,1
Shane Lewis-Hughes,410,Dragons,43,,,5,,,,,31,9,,6,,5,,,,104,1,,3,
Rhodri Williams,411,Dragons,45,,,1,,,,,157,15,2,3,,5,,,,58,1,,18,
Seb Davies,412,Dragons,49,1,,4,,,,,52,12,1,6,,5,,,,109,1,,7,
George Roberts,413,Dragons,15,,,5,,,24,,41,1,1,1,,5,,,,37,1,,,
Levi Douglas,414,Dragons,83,1,,6,,,,,97,7,2,12,,5,,,,84,1,,2,1
Matthew Screech,415,Dragons,62,,,6,,,,,80,9,,3,,5,,,,59,1,,6,
Harrison Keddie,416,Dragons,73,1,,17,,,,,181,9,2,6,,5,,,,143,1,,7,
Dillon Lewis,417,Dragons,24,,,1,,,,,18,7,1,6,,5,,,,58,1,,2,
Richard Kriel,418,Lions,75,5,,27,,,,,274,25,10,4,,5,,,,86,1,,10,
WJ Steenkamp,419,Lions,13,,,1,,,,,32,,,,,5,,,,9,1,,2,
Jarod Cairns,420,Lions,26,5,,7,,,,,104,11,3,5,,5,,,,85,1,,6,
Franco Marais,421,Lions,51,,,1,,,75,,72,8,1,9,,5,,,,80,1,,2,
PJ Botha,422,Lions,59,,,6,,,114,,117,20,9,5,,5,,,,113,1,,6,
Renzo du Plessis,423,Lions,29,1,,9,,,,,150,9,2,1,,5,,,,56,1,,5,
George Whitehead,424,Sharks,5,,2,,,,,,18,4,,,,4,,,,8,,,1,
Bradley Davids,425,Sharks,8,,2,4,,,,,26,4,1,2,,4,,,,7,,,4,
Jaden Hendrikse,426,Sharks,20,,2,1,,,1,,70,16,3,3,,4,,,,51,,,6,
James Humphreys,427,Ulster,1,,2,,,,,,,,,1,,4,,,,5,,,1,
Tom Wood,428,Munster,2,,1,,,,,,3,1,,,,2,,,,5,,,1,
Harri Wilde,429,Cardiff,,,1,,,,,,,,,,,2,,,,,,,,
Nicolas Roger,430,Benetton,6,,1,1,,,,,16,2,,,,2,,,,12,,,2,
Cai Evans,431,Dragons,23,,1,4,,,,,89,8,,,,2,,,,18,,,6,
Darrien-Lane Landsberg,432,Lions,,,,,,,,,,,,6,,,,,,,1,,,
Alun Lawrence,2,Cardiff,210,2,,9,,,1,,423,16,2,4,,,,,,217,,,11,1
Bundee Aki,28,Connacht,126,5,,19,,,,,376,13,6,4,,,,,,87,,,6,
Ross Moriarty,48,Ospreys,108,3,,9,,,,,283,16,5,8,,,1,,,126,,,11,1
So'otala Fa'aso'o,54,Benetton,106,1,,8,,,,,271,17,3,4,,,,,,86,,,10,
Zander Fagerson,65,Glasgow,98,,,3,,,,,83,5,1,8,,,,,,45,,,2,
Bathobele Hlekani,69,Lions,95,1,,24,,,,,213,19,2,7,,,,,,128,,,4,
Jacob Stockdale,86,Ulster,88,5,,40,,,,,523,9,9,4,,,,,,26,,,15,
Kemsley Mathias,94,Scarlets,86,,,3,,,,,84,14,1,11,,,,,,115,,,3,1
Ryan Smith,101,Ospreys,84,2,,15,,,,,160,12,4,13,,,,,,129,,,8,1
Riccardo Favretto,108,Benetton,83,1,,14,,,,,174,9,5,4,,,,,,123,,,10,
Caelan Doris,112,Leinster,82,1,,18,,,,,199,7,3,3,,,,,,87,,,6,
Alex Samuel,114,Glasgow,81,1,,3,,,,,55,9,2,6,,,,,,95,,,8,1
Nick Hatton,125,Sharks,77,2,,5,,,,,243,8,5,3,,,,,,74,,,7,
Alex Craig,126,Glasgow,77,,,8,,,,,62,,4,7,,,,,,68,,,1,
Diarmuid Mangan,129,Leinster,77,1,,4,,,,,162,6,1,7,,,,,,68,,,5,
Ryan Elias,133,Scarlets,76,,,7,,,93,,156,5,1,5,,,,,,87,,,1,
Rhys Davies,141,Ospreys,74,,,2,,,,,82,7,1,6,,,,,,134,,,3,
Jude Postlethwaite,142,Ulster,74,5,,20,,,,,333,13,14,2,,,,,,68,,,5,
Darragh Murray,156,Connacht,72,1,,3,,,,,68,18,4,3,,,,,,148,,,5,1
Marcel Theunissen,157,DHL Stormers,71,1,,8,,,,,139,4,3,4,,,,,,76,,,6,
Jeremy Loughman,162,Munster,70,,,3,,,1,,53,10,3,14,,,,,,134,,,7,
Lorenzo Cannone,164,Benetton,70,2,,8,,,,,199,8,2,4,,,,,,76,,,6,
George Nott,184,Cardiff,66,,,1,,,,,60,10,6,6,,,,,,128,,,6,
Michele Lamaro,188,Benetton,65,,,3,,,,,92,26,4,7,,,,,,125,,,8,
Ben-Jason Dixon,196,DHL Stormers,63,1,,8,,,,,173,25,7,12,,,,,,154,,,10,1
Shane Jennings,205,Connacht,62,2,,5,,,,,196,13,5,2,,,,,,70,,,12,
Jake Ball,212,Scarlets,60,,,1,,,,,71,5,,9,,,,,,65,,,4,
Alessandro Izekor,215,Benetton,60,2,,13,,,,,126,7,1,4,,,,,,151,,,10,
Sione Vailanu,217,Glasgow,59,2,,3,,,,,146,5,,1,,,,,,51,,,5,
Ox Nche,231,Sharks,57,,,8,,,,,64,10,3,3,,,,,,53,,,8,
Stedman Gans,233,Vodacom Bulls,57,4,,16,,,,,308,8,6,4,,,,,,39,,,7,1
Sean O'Brien,236,Connacht,57,,,10,,,,,149,4,1,4,,,,,,105,,,4,
Matteo Canali,237,Zebre,57,,,3,,,,,68,14,1,5,,,,,,123,,,1,
Ryan Woodman,240,Dragons,57,,,1,,,,,95,11,2,5,,,,,,138,,,4,
Eduan Swart,249,Sharks,55,1,,2,,,96,,99,14,3,4,,,,,,58,,,1,
Damiano Mazza,255,Zebre,55,,,5,,,,,186,3,4,4,,,,,,82,,,9,
Muhamed Hasa,257,Zebre,54,,,4,,,,,70,12,,18,,,,,,71,,,5,
Marshall Sykes,262,Edinburgh,53,,,1,,,,,40,8,2,1,,,,,,109,,,3,
Alessandro Ortombina,265,Zebre,53,,,3,,,,,58,10,1,5,,,,,,181,,,9,
Jan-Hendrik Wessels,268,Vodacom Bulls,52,1,,4,,,19,,128,7,,16,,,,,,77,,,5,
Thaakir Abrahams,271,Munster,51,5,,15,,,,,333,20,2,4,,,,,,32,,,10,
Gerhard Steenekamp,274,Vodacom Bulls,51,1,,3,,,1,,89,9,1,7,,,,,,94,,,6,
Iain Henderson,280,Ulster,50,,,,,,,,56,6,2,11,,,1,,,87,,,4,
Niccolo Cannone,288,Benetton,49,,,1,,,,,34,4,,6,,,,,,74,,,1,
Michael Ala'alatoa,290,Munster,48,,,,,,,,47,15,,23,,,,,,124,,,3,
Scott Cummings,291,Glasgow,48,1,,2,,,,,67,4,,4,,,,,,48,,,2,1
John McKee,307,Leinster,45,2,,2,,,40,,83,5,,4,,,,,,52,,,2,
Rhys Barratt,313,Cardiff,45,,,3,,,,,35,19,,8,,,,,,135,,,4,
Angus Fraser,317,Glasgow,44,1,,13,,,,,106,5,4,2,,,,,,60,,,3,
Tom O'Toole,320,Ulster,44,,,3,,,,,52,4,1,11,,,,,,73,,,1,
Davide Ruggeri,321,Zebre,44,1,,5,,,,,98,9,2,5,,,,,,54,,,5,
Niall Scannell,324,Munster,43,1,,1,,,47,,77,3,1,2,,,,,,39,,,1,
Findlay Thomson,329,Edinburgh,42,,,1,,,,,119,7,,3,,,,,,56,,,1,
Mirco Spagnolo,337,Benetton,41,1,,4,,,,,74,2,2,3,,,,,,37,,,1,
Dan du Plessis,339,DHL Stormers,40,2,,6,,,,,155,3,2,3,,,,,,59,,,2,
Giulio Marini,343,Benetton,40,1,,3,,,,,43,11,,5,,,,,,107,,,2,
Rory Sutherland,347,Glasgow,39,1,,2,,,,,45,1,1,7,,,,,,42,,,4,
Max Nagy,349,Ospreys,39,,,4,,,,,115,5,3,4,,,,,,27,,,2,
Alex Usanov,350,Leinster,39,,,2,,,,,44,3,,3,,,,,,39,,,,
Matt Dalton,352,Ulster,39,2,,2,,,,,134,7,2,1,,,,,,48,,,6,
Sam Crean,353,Ulster,39,,,,,,,,16,10,,13,,,,,,82,,,6,
JF van Heerden,356,Vodacom Bulls,38,,,,,,1,,77,7,,6,,,,,,35,,,1,
Steff Thomas,357,Ospreys,38,,,3,,,1,,29,9,,8,,,,,,86,,,1,
Fetuli Paea,362,Dragons,38,1,,10,,,,,115,7,1,1,,,,,,36,,,5,
Rodrigo Martinez,363,Dragons,38,,,,,,,,40,7,,10,,,,,,97,,,4,
Huw Anderson,364,Dragons,38,5,,4,,,,,144,10,2,,,,,,,21,,,6,
Christian Coleman,365,Dragons,38,,,1,,,,,34,6,1,14,,,,,,40,,,3,
Rhys Henry,367,Ospreys,37,1,,3,,,,,42,3,,5,,,,,,43,,,3,
Peter Dooley,368,Connacht,37,,,3,,,,,31,10,,6,,,,,,88,,,2,
Leonardo Krumov,369,Zebre,37,1,,3,,,,,50,8,4,8,,,,,,98,,,7,
Harry Beddall,371,Dragons,37,,,5,,,,,45,3,,6,,,,,,146,,,4,
Aphelele Fassi,372,Sharks,36,5,,8,,,2,,255,2,4,4,,,,,,10,,,6,
Ally Miller,374,Glasgow,36,,,2,,,,,72,1,,1,,,,,,43,,,4,
Billy Bohan,375,Connacht,36,,,3,,,,,43,6,2,7,,,,,,85,,,,
Leonardo Marin,376,Benetton,36,2,,12,,,,,135,16,7,3,,,,,,65,,,11,
Eli Snyman,381,Benetton,35,,,,,,,,50,9,,,,,,,,83,,,7,
Ben Muncaster,384,Edinburgh,34,1,,12,,,,,139,3,5,3,,,,,,52,,,8,
James Fender,385,Ospreys,34,,,,,,,,25,9,,6,,,,,,63,,,2,
Filippo Drago,388,Benetton,34,,,3,,,,,55,8,2,,,,,,,42,,,2,
Jamie Bhatti,392,Glasgow,33,,,,,,1,,21,5,,11,,,,,,42,,,2,
Ben Afshar,393,Glasgow,33,1,,5,,,,,139,9,3,,,,,,,28,,,8,
Henry Thomas,398,Scarlets,33,,,1,,,,,30,14,2,18,,,,,,84,,,2,
Nizaam Carr,399,Vodacom Bulls,32,,,5,,,,,132,7,3,1,,,,,,50,,,5,
Neethling Fouche,400,DHL Stormers,32,,,,,,,,22,16,,12,,,,,,91,,,1,
Jadin Kingi,402,Benetton,32,,,3,,,,,35,4,1,1,,,,,,47,,,1,
Giosue Zilocchi,403,Benetton,32,,,2,,,,,19,3,2,7,,,,,,56,,,1,
Sebastian Negri,404,Benetton,32,2,,4,,,,,74,2,,5,,,,,,31,,,2,
Tadhg Furlong,408,Leinster,31,,,4,,,,,33,6,1,2,,,,,,34,,,2,
Callum Hunter-Hill,413,Edinburgh,30,,,,,,,,25,10,1,2,,,,,,72,,,1,
Niall Murray,416,Connacht,30,,,,,,,,45,3,3,4,,,,,,71,,,3,
Manuel Zuliani,420,Benetton,30,1,,4,,,,,64,8,2,7,,,,,,60,,,3,
RF Schoeman,421,Lions,30,,,4,,,,,56,9,,5,,,,,,66,,,,
Bathobele Hlekani,427,Sharks,28,1,,8,,,,,72,6,1,3,,,,,,45,,,2,
Andrew Osborne,431,Leinster,28,5,,7,,,,,175,6,4,5,,,,,,13,,,6,
Jack Carty,432,Connacht,28,1,,7,,,,,81,15,1,4,,,,,,49,,,4,
Keiron Assiratti,433,Cardiff,28,,,,,,,,10,7,,19,,,,,,58,,,3,1
John Ryan,435,Munster,27,,,1,,,,,15,4,,9,,,,,,57,,,1,
Jack Brown,436,Edinburgh,27,1,,7,,,,,127,9,,2,,,,,,12,,,4,
Jack Boyle,439,Leinster,27,1,,5,,,,,47,4,1,12,,,,,,31,,,1,
Jac Davies,440,Scarlets,27,1,,6,,,,,121,5,,4,,,,,,10,,,2,
Destiny Aminu,443,Benetton,27,,,1,,,,,30,8,,6,,,,,,61,,,2,
Robert Hunt,444,Dragons,27,1,,3,,,,,43,6,1,11,,,,,,82,,,4,
Ruan Delport,445,Lions,27,1,,1,,,,,47,1,2,,,,,,,25,,,2,
Josh Wycherley,447,Munster,26,,,2,,,,,19,7,,5,,,,,,44,,,4,
Ollie Blyth-Lafferty,448,Edinburgh,26,,,,,,,,25,4,,5,,,,,,56,,,,
JJ Theron,450,Vodacom Bulls,26,,,3,,,,,94,6,2,1,,,,,,52,,,3,
Jordan Duggan,451,Connacht,26,,,,,,,,20,2,,3,,,,,,42,,,2,
Guido Volpi,452,Zebre,26,,,,,,,,28,6,2,,,,,,,35,,,4,
Rory Jennings,453,Cardiff,26,,,4,,,,,63,13,,,,,,,,35,,,3,
Elliot Dee,454,Dragons,26,,,1,,,35,,45,1,,4,,,,,,33,,,1,
Fin Richardson,457,Glasgow,25,,,2,,,,,14,4,1,,,,,,,37,,,1,
Gareth Thomas,459,Ospreys,25,,,1,,,,,26,11,,7,,,,,,59,,,,
Andrew Porter,460,Leinster,25,,,,,,,,35,3,,5,,,,,,44,,,1,
Denis Buckley,462,Connacht,25,,,,,,,,15,2,1,9,,,,,,56,,,,
Scott Scrafton,464,Benetton,25,,,,,,,,25,2,,5,,,,,,32,,,1,1
Paul Hill,467,Edinburgh,24,1,,4,,,,,45,10,4,10,,,,,,106,,,4,
Kerr Yule,468,Glasgow,24,,,2,,,,,52,4,,,,,,,,17,,,3,
Reinhardt Ludwig,469,Vodacom Bulls,24,,,,,,,,34,3,,3,,,,,,60,,,1,
Jonathan Roche,470,DHL Stormers,24,,,4,,,,,110,3,2,1,,,,,,39,,,1,
Ed Byrne,471,Leinster,24,,,,,,,,22,2,,1,,,,,,9,,,1,
Joe Hopes,472,Ulster,24,,,1,,,,,39,6,,3,,,,,,81,,,1,
Mornay Smith,478,Vodacom Bulls,23,,,2,,,,,26,7,5,6,,,,,,55,,,2,
Vernon Matongo,479,DHL Stormers,23,1,,3,,,,,34,2,,5,,,,,,61,,,3,
Alec Hepburn,481,Scarlets,23,,,2,,,,,18,10,1,5,,,,,,46,,,2,
Jacopo Bianchi,482,Zebre,23,,,2,,,,,51,7,2,5,,,,,,79,,,1,
Mackenzie Martin,483,Dragons,23,,,6,,,,,53,1,,,,,,,,33,,,4,
Huw Jones,485,Glasgow,22,2,,11,,,,,132,5,2,2,,,,,,14,,,3,
Seabelo Senatla,487,DHL Stormers,22,5,,12,,,1,,154,7,2,3,,,,,,16,,,8,
Connor Evans,488,DHL Stormers,22,1,,2,,,,,24,3,,3,,,,,,58,,,5,
Wyn Jones,493,Dragons,22,,,2,,,,,17,6,,11,,,,,,65,,,2,
Zac Porthen,497,DHL Stormers,21,,,4,,,,,38,2,1,4,,,,,,51,,,,
Ryan Baird,498,Leinster,21,,,4,,,,,21,6,3,2,,,,,,27,,,4,
Josh Morse,500,Scarlets,21,,,2,,,,,32,2,2,4,,,,,,26,,,3,
Harri Ackerman,503,Dragons,21,,,2,,,,,33,2,,1,,,,,,21,,,1,
Sibabalo Qoma,504,Lions,21,1,,2,,,,,32,3,,1,,,,,,21,,,3,
Francois Venter,505,Sharks,20,,,3,,,,,44,4,2,,,,,,,29,,,4,
Murphy Walker,507,Glasgow,20,,,2,,,,,12,3,1,6,,,,,,40,,,1,
Salmaan Moerat,508,DHL Stormers,20,,,,,,,,19,4,2,6,,,,,,52,,,2,1
Paddy McCarthy,509,Leinster,20,,,,,,,,29,2,,3,,,,,,25,,,,
Archie Hughes,512,Scarlets,20,2,,1,,,1,,87,7,1,1,,,,,,41,,,4,
Corey Domachowski,513,Cardiff,20,,,,,,,,11,1,,2,,,,,,15,,,,
Ruan Dreyer,514,Sharks,19,,,1,,,,,21,4,,7,,,,,,22,,,2,
Oli Jager,515,Munster,19,,,,,,1,,22,1,,1,,,,,,50,,,,
Tom Botha,517,Ospreys,19,,,2,,,,,3,6,,12,,,,,,77,,,1,
Ruben Moloney,518,Leinster,19,3,,9,,,,,183,4,3,,,,,,,7,,,5,
Lorcan McLoughlin,519,Ulster,19,1,,3,,,,,57,2,,1,,,,,,21,,,,
Matt Victory,520,Connacht,19,,,,,,21,,26,2,,1,,,,,,34,,,1,
Sam O'Connor,521,Scarlets,19,,,3,,,,,33,3,,3,,,,,,17,,,,
Jac Price,522,Scarlets,19,,,,,,,,15,6,,3,,,,,,53,,,2,
Reinhard Nothnagel,526,Lions,19,,,1,,,,,9,7,4,1,,,,,,101,,,5,
Sean Edogbo,528,Munster,18,1,,5,,,,,68,4,,1,,,,,,21,,,3,
Ioan Nicholas,529,Scarlets,18,,,3,,,,,92,6,,,,,,,,4,,,3,
Harri O'Connor,530,Scarlets,18,,,1,,,,,16,2,1,4,,,,,,24,,,,
Rynhardt Jonker,531,Lions,18,,,2,,,,,50,1,1,1,,,,,,20,,,1,
Corne Rahl,532,Sharks,17,1,,2,,,,,27,1,1,2,,,,,,28,,,3,
Paddy Patterson,533,Munster,17,1,,2,,,,,77,9,2,1,,,,,,30,,,5,
Cameron Jones,534,Ospreys,17,2,,4,,,,,36,1,1,3,,,,,,19,,,,
Ion Neculai,535,Zebre,17,,,,,,,,29,3,1,5,,,,,,28,,,3,
Simphiwe Matanzima,536,Sharks,16,,,3,,,,,34,1,,4,,,,,,27,,,1,
Alulutho Tshakweni,540,Vodacom Bulls,16,,,,,,,,24,4,2,4,,,,,,36,,,,
Ruan Ackermann,541,DHL Stormers,16,,,2,,,,,26,1,1,1,,,1,,,21,,,3,
Rabah Slimani,542,Leinster,16,,,,,,,,18,4,,12,,,,,,53,,,,1
Albert Batista,545,Zebre,16,2,,5,,,,,120,6,,2,,,,,,22,,,4,
Ben Donnell,546,Cardiff,16,,,,,,,,34,3,1,1,,,,,,33,,,,
JC Pretorius,547,Lions,16,3,,14,,,,,147,2,1,1,,,,,,31,,,4,
Ben Warren,550,Ospreys,15,,,,,,,,6,2,,4,,,,,,41,,,2,
Ciaran Mangan,551,Leinster,15,,,2,,,,,19,,3,,,,,,,9,,,,
Jonny Scott,552,Ulster,15,,,7,,,,,42,5,3,,,,,,,4,,,,
Marcus Rea,553,Ulster,15,,,1,,,,,24,4,,3,,,,,,19,,,2,
Teddy Williams,556,Cardiff,15,1,,,,,,,15,5,1,5,,,,,,36,,,1,
Thomas Dyer,560,Sharks,14,,,,,,,,20,2,,,,,,,,12,,,1,
Archer Holz,566,Scarlets,14,,,1,,,,,20,2,,3,,,,,,46,,,,
Tiziano Pasquali,567,Benetton,14,,,1,,,,,9,5,,13,,,,,,50,,,,
Cebo Dlamini,568,Dragons,14,,,,,,,,4,,1,5,,,,,,36,,,1,
Tom Dodd,570,Edinburgh,13,,,4,,,,,22,4,2,,,,,,,26,,,3,
Hugo McLaughlin,571,Leinster,13,1,,,,,,,26,1,1,,,,,,,,,,2,
James McCormick,572,Ulster,13,1,,,,,23,,22,10,,1,,,,,,21,,,,
Tristan Davies,574,Scarlets,13,,,3,,,,,8,,1,3,,,,,,14,,,,
Enrico Lucchin,575,Zebre,13,,,2,,,,,45,6,5,1,,,,,,32,,,1,
Ruben Schoeman,577,Lions,13,,,,,,,,10,6,,2,,,,,,33,,,1,
Eben Etzebeth,580,Sharks,12,,,1,,,,,21,2,,1,,,,,,17,,,2,
Jerry Blyth-Lafferty,582,Edinburgh,12,,,1,,,15,,7,3,2,1,,,,,,25,,,2,
Nicolaas Janse van Rensburg,583,Vodacom Bulls,12,1,,3,,,,,19,5,1,2,,,,,,53,,,6,
Suleiman Hartzenberg,584,DHL Stormers,12,,,2,,,1,,57,5,,1,,,,,,16,,,8,
Kian Hire,587,Ospreys,12,,,,,,,,13,3,1,4,,,,,,11,,,,
Andrew Sparrow,589,Leinster,12,,,,,,,,18,3,,2,,,,,,14,,,,
Enrique Pieretto,591,Zebre,12,,,,,,,,11,9,1,6,,,,,,31,,,2,
Marcos Gallorini,592,Benetton,12,,,,,,,,10,7,,7,,,,,,55,,,1,
John Bryant,593,Benetton,12,1,,1,,,,,32,5,2,1,,,,,,21,,,1,
Evan Minto,594,Dragons,12,,,2,,,,,43,2,,1,,,,,,11,,,3,
Christie Grobbelaar,595,Sharks,11,2,,3,,,,,111,8,1,,,,,,,8,,,4,
Efan Daniel,597,Ospreys,11,,,2,,,20,,20,,,2,,,,,,21,,,1,
Tom Florence,598,Ospreys,11,1,,3,,,,,55,3,,,,,,,,12,,,2,
Ben Moxham,599,Ulster,11,,,,,,,,32,2,,,,,,,,3,,,1,
David Hawkshaw,600,Connacht,11,1,,1,,,,,56,4,,3,,,,,,10,,,,
Sam Wainwright,601,Cardiff,11,,,1,,,,,1,1,,5,,,,,,21,,,,
Andy Uren,602,Benetton,11,,,3,,,1,,43,8,1,1,,,,,,34,,,5,
Tomas Medina,603,Benetton,11,,,5,,,,,23,3,1,4,,,,,,22,,,,
Nama Xaba,605,Vodacom Bulls,10,,,,,,,,,,,1,,,,,,48,,,2,
Gwilym Evans,606,Ospreys,10,,,2,,,,,14,1,,,,,,,,37,,,,
Niall Smyth,607,Leinster,10,,,2,,,,,5,1,,4,,,,,,10,,,,
Harvey Cuckson,609,Scarlets,10,1,,,,,,,30,1,,6,,,,,,25,,,,
Shilo Klein,610,Zebre,10,,,,,,13,,14,1,,1,,,,,,11,,,,
Bongi Mbonambi,611,Sharks,9,,,,,,41,,6,7,,3,,,,,,23,,,1,
Deon Slabbert,613,Sharks,9,,,2,,,,,9,3,,,,,,,,21,,,,
Shay McCarthy,615,Munster,9,1,,6,,,,,40,3,,,,,,,,2,,,1,
Luke Crosbie,616,Edinburgh,9,,,,,,,,18,2,,1,,,,,,16,,,1,
Sam Skinner,618,Edinburgh,9,,,,,,,,4,1,,1,,,,,,20,,,1,
Harri Houston,620,Ospreys,9,,,2,,,,,56,,1,,,,,,,5,,,1,
Harry Thomas,621,Scarlets,9,,,,,,28,,2,3,,1,,,,,,26,,,1,
Paolo Buonfiglio,622,Zebre,9,,,,,,,,7,5,,8,,,,,,52,,,,
Luca Morisi,623,Zebre,9,,,,,,,,18,7,1,,,,,,,29,,,3,
Luca Franceschetto,624,Zebre,9,,,2,,,,,11,,,1,,,,,,14,,,2,
Sebastian Lombard,625,Lions,9,,,1,,,,,6,1,,2,,,,,,36,,,,
Jannes Potgieter,627,Sharks,8,,,3,,,,,18,,,,,,,,,7,,,,
Ronan Foxe,628,Munster,8,,,2,,,,,12,,,2,,,,,,9,,,,
Oli Kebble,629,DHL Stormers,8,,,,,,,,20,,,3,,,,,,19,,,,
Nahuel Tetaz Chaparro,630,Benetton,8,,,,,,,,2,,,4,,,,,,13,,,2,
Mattia Midena,631,Benetton,8,,,2,,,,,4,,,,,,,,,15,,,,
Jac Lloyd,632,Dragons,8,,,,,,,,,5,,1,,,,,,5,,,2,
Niall Armstrong,633,Dragons,8,1,,1,,,,,32,2,1,,,,,,,19,,,3,
Angus Williams,635,Edinburgh,7,,,,,,,,5,,,2,,,,,,8,,,,
Johnny Ventisei,636,Glasgow,7,,,,,,,,31,,1,,,,,,,5,,,1,
Jaco Grobbelaar,637,Vodacom Bulls,7,,,,,,,,13,,,2,,,,,,4,,,2,
Marco de Witt,640,Ospreys,7,,,2,,,,,7,,1,,,,,,,2,,,1,
Wilhelm de Klerk,642,Ulster,7,,,2,,,,,13,2,,,,,,,,16,,,,
Colm Reilly,643,Connacht,7,,,,,,,,9,8,1,,,,,,,13,,,1,
Ellis Bevan,644,Cardiff,7,1,,2,,,,,51,2,,1,,,,,,12,,,1,
Ivan Nemer,645,Benetton,7,,,,,,,,10,1,,1,,,,,,18,,,,
Dian Bleuler,647,Sharks,6,,,,,,,,4,3,,1,,,,,,9,,,,
Mawande Mdanda,648,Sharks,6,,,1,,,,,5,,1,1,,,,,,7,,,,
Matt Romao,649,Sharks,6,,,,,,,,15,3,,1,,,,,,17,,,2,
Ross McCann,650,Edinburgh,6,,,3,,,,,28,,,,,,,,,4,,,2,
James Whitcombe,652,Edinburgh,6,,,,,,,,2,,1,,,,,,,10,,,,
Hamish Watson,653,Edinburgh,6,,,,,,,,2,,1,,,,,,,2,,,,
Sean Reffell,654,Ulster,6,,,3,,,,,1,1,1,2,,,,,,20,,,,
Bryan O'Connor,655,Ulster,6,,,,,,,,2,2,,2,,,,,,6,,,1,
Alex Groves,656,Scarlets,6,,,,,,,,4,,1,,,,,,,5,,,1,
Steve Cummins,657,Scarlets,6,1,,1,,,,,6,,1,1,,,,,,4,,,,
Migael Prinsloo,658,Zebre,6,1,,3,,,,,24,2,,,,,,,,6,,,1,
Richie Asiata,659,Benetton,6,,,,,,5,,7,,,,,,,,,4,,,,
Federico Zanandrea,660,Benetton,6,,,2,,,,,37,3,,,,,,,,7,,,1,
Dylan Kelleher-Griffiths,662,Dragons,6,,,,,,,,1,1,,3,,,,,,10,,,,
Rhodri Jones,663,Dragons,6,,,,,,,,4,1,,4,,,,,,16,,,,
Jordan Morris,664,Dragons,6,,,1,,,,,7,1,,4,,,,,,27,,,2,
Eddie Davids,666,Lions,6,,,,,,,,4,5,1,4,,,,,,37,,,1,
Marnus Potgieter,668,Sharks,5,,,2,,,,,9,1,,,,,,,,2,,,,
Alan Spicer,669,Leinster,5,,,,,,,,3,,,2,,,,,,7,,,,
Daniel Ryan,671,Connacht,5,1,,,,,,,18,5,,1,,,,,,3,,,2,
Iwan Stephens,673,Cardiff,5,,,1,,,,,36,5,,,,,,,,5,,,3,
Dylan Sjoblom,674,Lions,5,,,1,,,,,9,2,,,,,,,,15,,,,
Conor Bartley,675,Munster,4,,,,,,,,4,2,,1,,,,,,21,,,,
Conor McAlpine,676,Edinburgh,4,,,,,,,,6,,,,,,,,,2,,,,
Matt Davidson,677,Edinburgh,4,,,,,,,,4,,,,,,,,,1,,,,
Kerr Johnston,678,Glasgow,4,,,,,,,,15,2,,,,,,,,5,,,,
Khutha Mchunu,680,Vodacom Bulls,4,,,,,,,,11,1,,2,,,,,,15,,,,
Lukhanyo Vokozela,681,DHL Stormers,4,,,,,,10,,14,,,,,,,,,5,,,,
Ali Vermaak,682,DHL Stormers,4,,,,,,,,8,2,1,1,,,,,,16,,,,
Scarra Ntubeni,683,DHL Stormers,4,,,,,,5,,9,3,2,,,,,,,6,,,,
James McKillop,685,Ulster,4,1,,1,,,,,18,1,,,,,,,,13,,,,
Nelson Casartelli,687,Benetton,4,,,,,,,,4,2,,1,,,,,,1,,,,
Barny Langton-Cryer,688,Dragons,4,,,,,,,,4,1,,,,,,,,9,,,1,
James Benjamin,689,Dragons,4,,,,,,7,,,,,,,,,,,7,,,,
Joe Westwood,690,Dragons,4,,,,,,,,5,1,1,1,,,,,,12,,,2,
Cebo Dlamini,691,Sharks,3,,,,,,,,,,,1,,,,,,12,,,,
Euan McVie,692,Edinburgh,3,,,1,,,,,7,,,,,,,,,1,,,,
Duncan Munn,693,Glasgow,3,,,,,,,,8,3,,1,,,,,,2,,,,
Jack Oliver,694,Glasgow,3,,,1,,,,,2,5,,1,,,,,,3,,,1,
Ryan Burke,695,Glasgow,3,,,,,,,,,1,,,,,,,,9,,,1,
Dewaldt Duvenage,696,DHL Stormers,3,,,1,,,,,11,3,1,,,,,,,10,,,3,
Louw Nel,697,DHL Stormers,3,,,,,,,,4,,,,,,,,,4,,,1,
JC Mars,698,DHL Stormers,3,,,1,,,,,7,,,,,,,,,,,,2,
Ethan Lewis,699,Ospreys,3,,,2,,,5,,,,1,,,,,,,16,,,,
Bobby Sheehan,700,Leinster,3,1,,2,,,2,,,,1,,,,,,,7,,,,
Gabe Hawley,701,Scarlets,3,,,,,,,,,,,1,,,,,,5,,,,
Iori Badham,702,Scarlets,3,,,,,,,,8,1,,,,,,,,9,,,1,
Kirby Myhill,703,Scarlets,3,,,,,,9,,,1,,,,,,,,2,,,,
Owain James,704,Dragons,3,,,,,,,,,,,2,,,,,,11,,,,
Phikolomzi Sobahle,705,Sharks,2,,,,,,,,24,4,,,,,,,,2,,,1,
Ben O'Donovan,707,Munster,2,,,,,,,,26,1,,,,,,,,2,,,1,
Mark Donnelly,708,Munster,2,,,,,,,,2,2,,1,,,,,,16,,,,
Dylan Cockburn,709,Glasgow,2,,,,,,,,1,,,1,,,,,,11,,,2,
Clinton Swart,711,DHL Stormers,2,,,,,,,,3,2,1,,,,,,,1,,,1,
Ryan Conbeer,712,Ospreys,2,1,,1,,,,,28,10,,,,,,,,8,,,1,
Tom Brigg,713,Ulster,2,,,,,,,,11,1,,1,,,,,,5,,,,1
Gabe McDonald,714,Scarlets,2,,,,,,,,6,,,,,,,,,3,,,1,
Marcos Gallorini,715,Zebre,2,,,,,,,,2,,,,,,,,,3,,,,
Elijah Evans,716,Cardiff,2,,,1,,,,,7,,,1,,,,,,4,,,1,
Cornel Smit,717,Cardiff,2,,,,,,,,3,,,,,,,,,1,,,,
Joe Cowell,718,Cardiff,2,,,,,,,,1,,,,,,,,,2,,,,
Leigh Halfpenny,719,Cardiff,2,,,,,,,,10,,,,,,,,,4,,,,
Ewan Rosser,720,Dragons,2,,,,,,,,11,2,,,,,,,,5,,,,
Morgan Lloyd,721,Dragons,2,,,,,,,,19,,,,,,,,,4,,,1,
Sam Scarfe,722,Dragons,2,,,,,,1,,4,1,,,,,,,,7,,,,
Will Austin,723,Dragons,2,,,2,,,4,,14,2,,,,,,,,12,,,,
Manuel Rass,724,Lions,2,,,1,,,,,8,,,,,,,,,3,,,,
Ethan Bester,725,Sharks,1,,,,,,,,,1,,,,,,,,,,,,
Cameron Dawson,726,Sharks,1,,,,,,,,,1,,,,,,,,5,,,,
Gordon Wood,727,Munster,1,,,,,,,,5,,,,,,,,,3,,,,
Mikey Jones,728,Edinburgh,1,,,,,,,,,,,1,,,,,,5,,,,
Lewis Jones,729,Ospreys,1,,,,,,,,,,,,,,,,,5,,,,
Luke Scully,730,Ospreys,1,,,,,,,,,,,,,,,,,1,,,,
Caspar Gabriel,731,Leinster,1,,,,,,,,,,,,,,,,,1,,,,
Dave Shanahan,733,Ulster,1,,,1,,,,,4,,,1,,,,,,3,,,1,
Stewart Moore,734,Ulster,1,,,,,,,,,,,,,,,,,1,,,,
Ben Williams,735,Scarlets,1,,,,,,,,6,,,,,,,,,1,,,,
Max Pearce,736,Cardiff,1,,,,,,1,,,,,,,,,,,,,,,
Tomas Montilla,738,Benetton,1,,,,,,1,,,1,,,,,,,,4,,,,
Heiko Pohlmann,739,Lions,1,,,,,,,,,,,2,,,,,,,,,,
Tapiwa Mafura,740,Lions,1,,,,,,,,4,2,,,,,,,,5,,,2,
Sti Sithole,654,Vodacom Bulls,,,,,,,,,,2,,,,,,,,8,,,,
Sintu Manjezi,677,Vodacom Bulls,,,,,,,,,,,,,,,,,,5,,,,
Giacomo Milano,686,Zebre,,,,,,,,,,1,,,,,,,,5,,,,
Dan Gemine,709,Scarlets,,,,,,,,,,,,1,,,,,,3,,,,
Harry Williams,720,Ospreys,,,,,,,,,,,,,,,,,,2,,,,
Will Greatbanks,721,Ospreys,,,,,,,,,,,,,,,,,,2,,,,
Osian Darwin-Lewis,728,Cardiff,,,,,,,,,,,,,,,,,,2,,,,
Hencus van Wyk,736,DHL Stormers,,,,,,,,,,,,,,,,,,1,,,,
Oliver Reid,737,DHL Stormers,,,,,,,,,,,,1,,,,,,1,,,,
Josh Ericson,739,Leinster,,,,,,,,,,,,,,,,,,1,,,,
Ioan Emanuel,745,Cardiff,,,,,,,,,,,,,,,,,,1,,,,
Lucas de la Rua,749,Cardiff,,,,,,,,,,1,,,,,,,,,,,,
Enzo Avaca,750,Benetton,,,,,,,,,,1,,,,,,,,,,,,
Sam Francis,751,Lions,,,,,,,,,,2,,,,,,,,,,,,
Grant Stewart,752,Glasgow,,,,,,,2,,,,,,,,,,,,,,1,
